SET IDENTITY_INSERT [dbo].[auth_user] ON 
INSERT [dbo].[auth_user] ([id], [password], [last_login], [is_superuser], [username], [first_name], [last_name], [email], [is_staff], [is_active], [date_joined]) VALUES (1, N'pbkdf2_sha256$120000$0myshyUZRgps$V2VX3hxLSBgcc+LERPjA8ScsyPVUxwx2smJ8Nvn3RV4=', CAST(N'2018-12-12T19:54:42.5403850' AS DateTime2), 1, N'admin', N'', N'Администратор', N'', 1, 1, CAST(N'2018-10-29T18:15:40.0000000' AS DateTime2))
INSERT [dbo].[auth_user] ([id], [password], [last_login], [is_superuser], [username], [first_name], [last_name], [email], [is_staff], [is_active], [date_joined]) VALUES (2, N'pbkdf2_sha256$120000$W6n9lKN4cNas$bsKDQS5Dg3komwZugJ0J1JXru5RFNzJFDaauujR891Q=', CAST(N'2018-12-14T09:03:24.0613230' AS DateTime2), 0, N'alex', N'Алексей', N'Шелепнев', N'alex@mail.ru', 1, 1, CAST(N'2018-11-12T07:55:26.0000000' AS DateTime2))
INSERT [dbo].[auth_user] ([id], [password], [last_login], [is_superuser], [username], [first_name], [last_name], [email], [is_staff], [is_active], [date_joined]) VALUES (3, N'pbkdf2_sha256$120000$LLZuLP9qesTS$POdG4+45NmdWeK8cafp6NA8/GC8iywJuNKjrofVjdTg=', CAST(N'2018-11-13T18:37:48.0000000' AS DateTime2), 0, N'ekz', N'Екатерина', N'Задонская', N'ekz@mail.ru', 1, 1, CAST(N'2018-11-13T13:02:48.0000000' AS DateTime2))
INSERT [dbo].[auth_user] ([id], [password], [last_login], [is_superuser], [username], [first_name], [last_name], [email], [is_staff], [is_active], [date_joined]) VALUES (4, N'pbkdf2_sha256$120000$sOczP8fJizXI$vNrwF5zzYqTvzruaHPgH2wHrPcijazRA5NvED3C/dQE=', CAST(N'2018-12-09T17:49:20.6953840' AS DateTime2), 0, N'test1', N'test', N'1', N'', 0, 1, CAST(N'2018-12-02T14:36:32.0000000' AS DateTime2))
INSERT [dbo].[auth_user] ([id], [password], [last_login], [is_superuser], [username], [first_name], [last_name], [email], [is_staff], [is_active], [date_joined]) VALUES (5, N'pbkdf2_sha256$120000$EKWwoi2iyC4s$7eBTwz1IdPi9LWLbUQr0KZ1xSc3H7udMiGFeNTU4YJo=', NULL, 0, N'test2', N'', N'', N'', 0, 1, CAST(N'2018-12-02T15:51:12.4637720' AS DateTime2))
INSERT [dbo].[auth_user] ([id], [password], [last_login], [is_superuser], [username], [first_name], [last_name], [email], [is_staff], [is_active], [date_joined]) VALUES (6, N'pbkdf2_sha256$120000$6AkZR80ez6XR$bt+qTdMzNNm4O/+ardU+J1Q8RR+4OpmH8koK68aSQkQ=', CAST(N'2018-12-12T19:54:51.0000000' AS DateTime2), 0, N'shayer1', N'Алексей', N'Шаейр', N'sheldimed@gmail.com', 0, 1, CAST(N'2018-12-10T10:02:50.0000000' AS DateTime2))
INSERT [dbo].[auth_user] ([id], [password], [last_login], [is_superuser], [username], [first_name], [last_name], [email], [is_staff], [is_active], [date_joined]) VALUES (7, N'pbkdf2_sha256$120000$w4Rhk9wV3Fyy$ZMOWh+B58gTiqUUnJ7e03TnU45pa7PtIBrneovkJebw=', CAST(N'2018-12-13T08:25:58.5594740' AS DateTime2), 0, N'kiyasov', N'Виктор', N'Киясов', N'', 0, 1, CAST(N'2018-12-13T08:21:24.0000000' AS DateTime2))
SET IDENTITY_INSERT [dbo].[auth_user] OFF


SET IDENTITY_INSERT [dbo].[auth_group] ON 
INSERT [dbo].[auth_group] ([id], [name]) VALUES (3, N'employee_change')
INSERT [dbo].[auth_group] ([id], [name]) VALUES (4, N'employee_reader')
INSERT [dbo].[auth_group] ([id], [name]) VALUES (6, N'market_change')
INSERT [dbo].[auth_group] ([id], [name]) VALUES (7, N'market_reader')
INSERT [dbo].[auth_group] ([id], [name]) VALUES (1, N'org_change')
INSERT [dbo].[auth_group] ([id], [name]) VALUES (2, N'org_reader')
INSERT [dbo].[auth_group] ([id], [name]) VALUES (5, N'user_admin')
SET IDENTITY_INSERT [dbo].[auth_group] OFF


SET IDENTITY_INSERT [dbo].[auth_user_groups] ON 
INSERT [dbo].[auth_user_groups] ([id], [user_id], [group_id]) VALUES (16, 1, 1)
INSERT [dbo].[auth_user_groups] ([id], [user_id], [group_id]) VALUES (17, 1, 3)
INSERT [dbo].[auth_user_groups] ([id], [user_id], [group_id]) VALUES (18, 1, 5)
INSERT [dbo].[auth_user_groups] ([id], [user_id], [group_id]) VALUES (19, 1, 6)
INSERT [dbo].[auth_user_groups] ([id], [user_id], [group_id]) VALUES (1, 2, 1)
INSERT [dbo].[auth_user_groups] ([id], [user_id], [group_id]) VALUES (2, 2, 3)
INSERT [dbo].[auth_user_groups] ([id], [user_id], [group_id]) VALUES (3, 2, 5)
INSERT [dbo].[auth_user_groups] ([id], [user_id], [group_id]) VALUES (6, 2, 6)
INSERT [dbo].[auth_user_groups] ([id], [user_id], [group_id]) VALUES (12, 3, 1)
INSERT [dbo].[auth_user_groups] ([id], [user_id], [group_id]) VALUES (13, 3, 3)
INSERT [dbo].[auth_user_groups] ([id], [user_id], [group_id]) VALUES (14, 3, 5)
INSERT [dbo].[auth_user_groups] ([id], [user_id], [group_id]) VALUES (15, 3, 6)
INSERT [dbo].[auth_user_groups] ([id], [user_id], [group_id]) VALUES (23, 4, 2)
INSERT [dbo].[auth_user_groups] ([id], [user_id], [group_id]) VALUES (21, 4, 4)
INSERT [dbo].[auth_user_groups] ([id], [user_id], [group_id]) VALUES (22, 4, 7)
INSERT [dbo].[auth_user_groups] ([id], [user_id], [group_id]) VALUES (27, 6, 3)
INSERT [dbo].[auth_user_groups] ([id], [user_id], [group_id]) VALUES (28, 6, 4)
INSERT [dbo].[auth_user_groups] ([id], [user_id], [group_id]) VALUES (29, 6, 7)
INSERT [dbo].[auth_user_groups] ([id], [user_id], [group_id]) VALUES (30, 7, 1)
INSERT [dbo].[auth_user_groups] ([id], [user_id], [group_id]) VALUES (31, 7, 2)
INSERT [dbo].[auth_user_groups] ([id], [user_id], [group_id]) VALUES (32, 7, 4)
INSERT [dbo].[auth_user_groups] ([id], [user_id], [group_id]) VALUES (33, 7, 7)
SET IDENTITY_INSERT [dbo].[auth_user_groups] OFF


SET IDENTITY_INSERT [dbo].[bi_auth_userprofile] ON 
INSERT [dbo].[bi_auth_userprofile] ([id], [is_orgadmin], [user_id]) VALUES (1, 0, 3)
INSERT [dbo].[bi_auth_userprofile] ([id], [is_orgadmin], [user_id]) VALUES (2, 1, 4)
INSERT [dbo].[bi_auth_userprofile] ([id], [is_orgadmin], [user_id]) VALUES (3, 0, 6)
INSERT [dbo].[bi_auth_userprofile] ([id], [is_orgadmin], [user_id]) VALUES (4, 1, 7)
SET IDENTITY_INSERT [dbo].[bi_auth_userprofile] OFF


SET IDENTITY_INSERT [dbo].[db_org] ON 
INSERT [dbo].[db_org] ([id], [name], [sync_time], [sync_flag]) VALUES (1, N'Takeda', N'01:00', 0)
INSERT [dbo].[db_org] ([id], [name], [sync_time], [sync_flag]) VALUES (2, N'ОптоФарм', NULL, 0)
INSERT [dbo].[db_org] ([id], [name], [sync_time], [sync_flag]) VALUES (4, N'Тестовая', NULL, 0)
INSERT [dbo].[db_org] ([id], [name], [sync_time], [sync_flag]) VALUES (6, N'Шайер рус', N'02:00', 0)
SET IDENTITY_INSERT [dbo].[db_org] OFF


SET IDENTITY_INSERT [dbo].[db_org_users] ON 
INSERT [dbo].[db_org_users] ([id], [org_id], [user_id]) VALUES (15, 1, 1)
INSERT [dbo].[db_org_users] ([id], [org_id], [user_id]) VALUES (18, 1, 2)
INSERT [dbo].[db_org_users] ([id], [org_id], [user_id]) VALUES (2, 1, 3)
INSERT [dbo].[db_org_users] ([id], [org_id], [user_id]) VALUES (7, 1, 4)
INSERT [dbo].[db_org_users] ([id], [org_id], [user_id]) VALUES (19, 1, 7)
INSERT [dbo].[db_org_users] ([id], [org_id], [user_id]) VALUES (17, 4, 5)
INSERT [dbo].[db_org_users] ([id], [org_id], [user_id]) VALUES (16, 6, 6)
SET IDENTITY_INSERT [dbo].[db_org_users] OFF


SET IDENTITY_INSERT [dbo].[db_market] ON 
INSERT [dbo].[db_market] ([id], [name], [org_id]) VALUES (1, N'Феринжект', 1)
INSERT [dbo].[db_market] ([id], [name], [org_id]) VALUES (2, N'Фендивия', 1)
INSERT [dbo].[db_market] ([id], [name], [org_id]) VALUES (3, N'Дорипрекс', 1)
INSERT [dbo].[db_market] ([id], [name], [org_id]) VALUES (4, N'Тахокомб', 1)
INSERT [dbo].[db_market] ([id], [name], [org_id]) VALUES (5, N'МАбы', 4)
INSERT [dbo].[db_market] ([id], [name], [org_id]) VALUES (9, N'Элапраза', 6)
INSERT [dbo].[db_market] ([id], [name], [org_id]) VALUES (10, N'Мовипреп', 1)
INSERT [dbo].[db_market] ([id], [name], [org_id]) VALUES (11, N'Випидия', 1)
SET IDENTITY_INSERT [dbo].[db_market] OFF


SET IDENTITY_INSERT [dbo].[db_market_innrs] ON 
INSERT [dbo].[db_market_innrs] ([id], [market_id], [innr_id]) VALUES (13, 1, 415)
INSERT [dbo].[db_market_innrs] ([id], [market_id], [innr_id]) VALUES (14, 1, 420)
INSERT [dbo].[db_market_innrs] ([id], [market_id], [innr_id]) VALUES (15, 1, 4767)
INSERT [dbo].[db_market_innrs] ([id], [market_id], [innr_id]) VALUES (16, 1, 10908)
INSERT [dbo].[db_market_innrs] ([id], [market_id], [innr_id]) VALUES (17, 1, 47541)
INSERT [dbo].[db_market_innrs] ([id], [market_id], [innr_id]) VALUES (18, 1, 51159)
INSERT [dbo].[db_market_innrs] ([id], [market_id], [innr_id]) VALUES (19, 1, 55003)
INSERT [dbo].[db_market_innrs] ([id], [market_id], [innr_id]) VALUES (1, 2, 722)
INSERT [dbo].[db_market_innrs] ([id], [market_id], [innr_id]) VALUES (2, 2, 734)
INSERT [dbo].[db_market_innrs] ([id], [market_id], [innr_id]) VALUES (8, 2, 1117)
INSERT [dbo].[db_market_innrs] ([id], [market_id], [innr_id]) VALUES (3, 2, 1188)
INSERT [dbo].[db_market_innrs] ([id], [market_id], [innr_id]) VALUES (4, 2, 4751)
INSERT [dbo].[db_market_innrs] ([id], [market_id], [innr_id]) VALUES (7, 2, 47733)
INSERT [dbo].[db_market_innrs] ([id], [market_id], [innr_id]) VALUES (5, 2, 54251)
INSERT [dbo].[db_market_innrs] ([id], [market_id], [innr_id]) VALUES (6, 2, 55018)
INSERT [dbo].[db_market_innrs] ([id], [market_id], [innr_id]) VALUES (9, 3, 444)
INSERT [dbo].[db_market_innrs] ([id], [market_id], [innr_id]) VALUES (10, 3, 665)
INSERT [dbo].[db_market_innrs] ([id], [market_id], [innr_id]) VALUES (11, 3, 11833)
INSERT [dbo].[db_market_innrs] ([id], [market_id], [innr_id]) VALUES (12, 3, 43123)
INSERT [dbo].[db_market_innrs] ([id], [market_id], [innr_id]) VALUES (21, 5, 2)
INSERT [dbo].[db_market_innrs] ([id], [market_id], [innr_id]) VALUES (25, 5, 1802)
INSERT [dbo].[db_market_innrs] ([id], [market_id], [innr_id]) VALUES (24, 5, 4615)
INSERT [dbo].[db_market_innrs] ([id], [market_id], [innr_id]) VALUES (27, 5, 4760)
INSERT [dbo].[db_market_innrs] ([id], [market_id], [innr_id]) VALUES (49, 5, 9810)
INSERT [dbo].[db_market_innrs] ([id], [market_id], [innr_id]) VALUES (51, 5, 11607)
INSERT [dbo].[db_market_innrs] ([id], [market_id], [innr_id]) VALUES (38, 5, 41661)
INSERT [dbo].[db_market_innrs] ([id], [market_id], [innr_id]) VALUES (29, 5, 42138)
INSERT [dbo].[db_market_innrs] ([id], [market_id], [innr_id]) VALUES (61, 5, 44527)
INSERT [dbo].[db_market_innrs] ([id], [market_id], [innr_id]) VALUES (57, 5, 44899)
INSERT [dbo].[db_market_innrs] ([id], [market_id], [innr_id]) VALUES (30, 5, 44955)
INSERT [dbo].[db_market_innrs] ([id], [market_id], [innr_id]) VALUES (42, 5, 45509)
INSERT [dbo].[db_market_innrs] ([id], [market_id], [innr_id]) VALUES (20, 5, 46976)
INSERT [dbo].[db_market_innrs] ([id], [market_id], [innr_id]) VALUES (50, 5, 49493)
INSERT [dbo].[db_market_innrs] ([id], [market_id], [innr_id]) VALUES (59, 5, 49641)
INSERT [dbo].[db_market_innrs] ([id], [market_id], [innr_id]) VALUES (63, 5, 49655)
INSERT [dbo].[db_market_innrs] ([id], [market_id], [innr_id]) VALUES (36, 5, 49718)
INSERT [dbo].[db_market_innrs] ([id], [market_id], [innr_id]) VALUES (46, 5, 49739)
INSERT [dbo].[db_market_innrs] ([id], [market_id], [innr_id]) VALUES (55, 5, 49755)
INSERT [dbo].[db_market_innrs] ([id], [market_id], [innr_id]) VALUES (26, 5, 51477)
INSERT [dbo].[db_market_innrs] ([id], [market_id], [innr_id]) VALUES (31, 5, 51490)
INSERT [dbo].[db_market_innrs] ([id], [market_id], [innr_id]) VALUES (32, 5, 51495)
INSERT [dbo].[db_market_innrs] ([id], [market_id], [innr_id]) VALUES (35, 5, 51506)
INSERT [dbo].[db_market_innrs] ([id], [market_id], [innr_id]) VALUES (37, 5, 52154)
INSERT [dbo].[db_market_innrs] ([id], [market_id], [innr_id]) VALUES (22, 5, 52610)
INSERT [dbo].[db_market_innrs] ([id], [market_id], [innr_id]) VALUES (44, 5, 52807)
INSERT [dbo].[db_market_innrs] ([id], [market_id], [innr_id]) VALUES (62, 5, 52981)
INSERT [dbo].[db_market_innrs] ([id], [market_id], [innr_id]) VALUES (41, 5, 53184)
INSERT [dbo].[db_market_innrs] ([id], [market_id], [innr_id]) VALUES (23, 5, 54530)
INSERT [dbo].[db_market_innrs] ([id], [market_id], [innr_id]) VALUES (45, 5, 54856)
INSERT [dbo].[db_market_innrs] ([id], [market_id], [innr_id]) VALUES (28, 5, 54937)
INSERT [dbo].[db_market_innrs] ([id], [market_id], [innr_id]) VALUES (33, 5, 54956)
INSERT [dbo].[db_market_innrs] ([id], [market_id], [innr_id]) VALUES (47, 5, 54988)
INSERT [dbo].[db_market_innrs] ([id], [market_id], [innr_id]) VALUES (52, 5, 55000)
INSERT [dbo].[db_market_innrs] ([id], [market_id], [innr_id]) VALUES (53, 5, 55001)
INSERT [dbo].[db_market_innrs] ([id], [market_id], [innr_id]) VALUES (54, 5, 55002)
INSERT [dbo].[db_market_innrs] ([id], [market_id], [innr_id]) VALUES (56, 5, 55005)
INSERT [dbo].[db_market_innrs] ([id], [market_id], [innr_id]) VALUES (34, 5, 55089)
INSERT [dbo].[db_market_innrs] ([id], [market_id], [innr_id]) VALUES (39, 5, 55101)
INSERT [dbo].[db_market_innrs] ([id], [market_id], [innr_id]) VALUES (40, 5, 55102)
INSERT [dbo].[db_market_innrs] ([id], [market_id], [innr_id]) VALUES (43, 5, 55110)
INSERT [dbo].[db_market_innrs] ([id], [market_id], [innr_id]) VALUES (48, 5, 55119)
INSERT [dbo].[db_market_innrs] ([id], [market_id], [innr_id]) VALUES (58, 5, 55139)
INSERT [dbo].[db_market_innrs] ([id], [market_id], [innr_id]) VALUES (60, 5, 55147)
INSERT [dbo].[db_market_innrs] ([id], [market_id], [innr_id]) VALUES (111, 9, 49543)
INSERT [dbo].[db_market_innrs] ([id], [market_id], [innr_id]) VALUES (112, 10, 3154)
INSERT [dbo].[db_market_innrs] ([id], [market_id], [innr_id]) VALUES (113, 11, 49507)
INSERT [dbo].[db_market_innrs] ([id], [market_id], [innr_id]) VALUES (116, 11, 50217)
INSERT [dbo].[db_market_innrs] ([id], [market_id], [innr_id]) VALUES (117, 11, 51497)
INSERT [dbo].[db_market_innrs] ([id], [market_id], [innr_id]) VALUES (120, 11, 51855)
INSERT [dbo].[db_market_innrs] ([id], [market_id], [innr_id]) VALUES (125, 11, 52095)
INSERT [dbo].[db_market_innrs] ([id], [market_id], [innr_id]) VALUES (123, 11, 52920)
INSERT [dbo].[db_market_innrs] ([id], [market_id], [innr_id]) VALUES (122, 11, 53139)
INSERT [dbo].[db_market_innrs] ([id], [market_id], [innr_id]) VALUES (114, 11, 54278)
INSERT [dbo].[db_market_innrs] ([id], [market_id], [innr_id]) VALUES (115, 11, 54407)
INSERT [dbo].[db_market_innrs] ([id], [market_id], [innr_id]) VALUES (118, 11, 54840)
INSERT [dbo].[db_market_innrs] ([id], [market_id], [innr_id]) VALUES (119, 11, 54955)
INSERT [dbo].[db_market_innrs] ([id], [market_id], [innr_id]) VALUES (124, 11, 55132)
INSERT [dbo].[db_market_innrs] ([id], [market_id], [innr_id]) VALUES (121, 11, 55154)
SET IDENTITY_INSERT [dbo].[db_market_innrs] OFF

SET IDENTITY_INSERT [dbo].[db_market_tmnrs] ON 
INSERT [dbo].[db_market_tmnrs] ([id], [market_id], [tradenr_id]) VALUES (2, 4, 4255)
INSERT [dbo].[db_market_tmnrs] ([id], [market_id], [tradenr_id]) VALUES (4, 4, 6767)
INSERT [dbo].[db_market_tmnrs] ([id], [market_id], [tradenr_id]) VALUES (5, 4, 10763)
INSERT [dbo].[db_market_tmnrs] ([id], [market_id], [tradenr_id]) VALUES (6, 4, 11187)
INSERT [dbo].[db_market_tmnrs] ([id], [market_id], [tradenr_id]) VALUES (1, 4, 23647)
INSERT [dbo].[db_market_tmnrs] ([id], [market_id], [tradenr_id]) VALUES (3, 4, 38148)
INSERT [dbo].[db_market_tmnrs] ([id], [market_id], [tradenr_id]) VALUES (10, 9, 33477)
INSERT [dbo].[db_market_tmnrs] ([id], [market_id], [tradenr_id]) VALUES (12, 10, 12037)
INSERT [dbo].[db_market_tmnrs] ([id], [market_id], [tradenr_id]) VALUES (13, 10, 23759)
INSERT [dbo].[db_market_tmnrs] ([id], [market_id], [tradenr_id]) VALUES (11, 10, 39612)
INSERT [dbo].[db_market_tmnrs] ([id], [market_id], [tradenr_id]) VALUES (19, 11, 31070)
INSERT [dbo].[db_market_tmnrs] ([id], [market_id], [tradenr_id]) VALUES (17, 11, 31161)
INSERT [dbo].[db_market_tmnrs] ([id], [market_id], [tradenr_id]) VALUES (18, 11, 33307)
INSERT [dbo].[db_market_tmnrs] ([id], [market_id], [tradenr_id]) VALUES (14, 11, 34683)
INSERT [dbo].[db_market_tmnrs] ([id], [market_id], [tradenr_id]) VALUES (16, 11, 39123)
INSERT [dbo].[db_market_tmnrs] ([id], [market_id], [tradenr_id]) VALUES (20, 11, 39198)
INSERT [dbo].[db_market_tmnrs] ([id], [market_id], [tradenr_id]) VALUES (15, 11, 41229)
SET IDENTITY_INSERT [dbo].[db_market_tmnrs] OFF

SET IDENTITY_INSERT [dbo].[db_employee] ON
INSERT [dbo].[db_employee] ([id], [name], [parent_id], [org_id], [istarget]) VALUES (17, N'Прасолова Евгения', NULL, 1, 0)
INSERT [dbo].[db_employee] ([id], [name], [parent_id], [org_id], [istarget]) VALUES (31, N'Киясов Виктор', NULL, 1, 0)
INSERT [dbo].[db_employee] ([id], [name], [parent_id], [org_id], [istarget]) VALUES (16, N'Алена', NULL, 4, 1)
INSERT [dbo].[db_employee] ([id], [name], [parent_id], [org_id], [istarget]) VALUES (30, N'Сотрудник Шайер1', NULL, 6, 1)
INSERT [dbo].[db_employee] ([id], [name], [parent_id], [org_id], [istarget]) VALUES (14, N'Шелепнев Алексей', 17, 1, 1)

INSERT [dbo].[db_employee] ([id], [name], [parent_id], [org_id], [istarget]) VALUES (5, N'Альбицкая Анна', 14, 1, 1)
INSERT [dbo].[db_employee] ([id], [name], [parent_id], [org_id], [istarget]) VALUES (6, N'Габуния Джульетта', 14, 1, 1)
INSERT [dbo].[db_employee] ([id], [name], [parent_id], [org_id], [istarget]) VALUES (7, N'Каменский Виктор', 14, 1, 1)
INSERT [dbo].[db_employee] ([id], [name], [parent_id], [org_id], [istarget]) VALUES (8, N'Лебедева Ольга', 7, 1, 1)
INSERT [dbo].[db_employee] ([id], [name], [parent_id], [org_id], [istarget]) VALUES (9, N'Лупандин Сергей', 14, 1, 1)
INSERT [dbo].[db_employee] ([id], [name], [parent_id], [org_id], [istarget]) VALUES (10, N'Любецкая Ирина', 14, 1, 1)
INSERT [dbo].[db_employee] ([id], [name], [parent_id], [org_id], [istarget]) VALUES (11, N'Пенков Мирослав', 14, 1, 1)
INSERT [dbo].[db_employee] ([id], [name], [parent_id], [org_id], [istarget]) VALUES (12, N'Сенцова Анна', 14, 1, 1)
INSERT [dbo].[db_employee] ([id], [name], [parent_id], [org_id], [istarget]) VALUES (13, N'Троицкая Ирина', 14, 1, 1)
INSERT [dbo].[db_employee] ([id], [name], [parent_id], [org_id], [istarget]) VALUES (15, N'Дмитрий', 16, 4, 1)
INSERT [dbo].[db_employee] ([id], [name], [parent_id], [org_id], [istarget]) VALUES (18, N'Пробный сотрудник', 31, 1, 1)
SET IDENTITY_INSERT [dbo].[db_employee] OFF

SET IDENTITY_INSERT [dbo].[db_employee_users] ON
INSERT [dbo].[db_employee_users] ([id], [employee_id], [user_id]) VALUES (31, 9, 3)
INSERT [dbo].[db_employee_users] ([id], [employee_id], [user_id]) VALUES (34, 14, 1)
INSERT [dbo].[db_employee_users] ([id], [employee_id], [user_id]) VALUES (36, 14, 2)
INSERT [dbo].[db_employee_users] ([id], [employee_id], [user_id]) VALUES (30, 18, 4)
INSERT [dbo].[db_employee_users] ([id], [employee_id], [user_id]) VALUES (32, 30, 6)
INSERT [dbo].[db_employee_users] ([id], [employee_id], [user_id]) VALUES (37, 31, 7)
SET IDENTITY_INSERT [dbo].[db_employee_users] OFF

SET IDENTITY_INSERT [dbo].[db_employee_lpu] ON 
INSERT [dbo].[db_employee_lpu] ([id], [lpu_id], [employee_id]) VALUES (1, 154990, 5)
INSERT [dbo].[db_employee_lpu] ([id], [lpu_id], [employee_id]) VALUES (2, 171324, 5)
INSERT [dbo].[db_employee_lpu] ([id], [lpu_id], [employee_id]) VALUES (3, 183896, 5)
INSERT [dbo].[db_employee_lpu] ([id], [lpu_id], [employee_id]) VALUES (4, 213138, 5)
INSERT [dbo].[db_employee_lpu] ([id], [lpu_id], [employee_id]) VALUES (5, 222701, 5)
INSERT [dbo].[db_employee_lpu] ([id], [lpu_id], [employee_id]) VALUES (6, 235154, 5)
INSERT [dbo].[db_employee_lpu] ([id], [lpu_id], [employee_id]) VALUES (7, 394670, 5)
INSERT [dbo].[db_employee_lpu] ([id], [lpu_id], [employee_id]) VALUES (8, 394692, 5)
INSERT [dbo].[db_employee_lpu] ([id], [lpu_id], [employee_id]) VALUES (9, 402542, 5)
INSERT [dbo].[db_employee_lpu] ([id], [lpu_id], [employee_id]) VALUES (10, 402767, 5)
INSERT [dbo].[db_employee_lpu] ([id], [lpu_id], [employee_id]) VALUES (11, 155566, 8)
INSERT [dbo].[db_employee_lpu] ([id], [lpu_id], [employee_id]) VALUES (13, 155530, 11)
INSERT [dbo].[db_employee_lpu] ([id], [lpu_id], [employee_id]) VALUES (14, 188662, 11)
INSERT [dbo].[db_employee_lpu] ([id], [lpu_id], [employee_id]) VALUES (15, 264299, 5)
INSERT [dbo].[db_employee_lpu] ([id], [lpu_id], [employee_id]) VALUES (16, 250527, 14)
INSERT [dbo].[db_employee_lpu] ([id], [lpu_id], [employee_id]) VALUES (17, 196000, 6)
INSERT [dbo].[db_employee_lpu] ([id], [lpu_id], [employee_id]) VALUES (19, 174354, 13)
INSERT [dbo].[db_employee_lpu] ([id], [lpu_id], [employee_id]) VALUES (20, 235580, 13)
INSERT [dbo].[db_employee_lpu] ([id], [lpu_id], [employee_id]) VALUES (22, 311699, 13)
INSERT [dbo].[db_employee_lpu] ([id], [lpu_id], [employee_id]) VALUES (25, 155947, 14)
INSERT [dbo].[db_employee_lpu] ([id], [lpu_id], [employee_id]) VALUES (26, 166522, 14)
INSERT [dbo].[db_employee_lpu] ([id], [lpu_id], [employee_id]) VALUES (27, 170640, 14)
INSERT [dbo].[db_employee_lpu] ([id], [lpu_id], [employee_id]) VALUES (28, 173883, 14)
INSERT [dbo].[db_employee_lpu] ([id], [lpu_id], [employee_id]) VALUES (29, 176345, 14)
INSERT [dbo].[db_employee_lpu] ([id], [lpu_id], [employee_id]) VALUES (30, 179081, 14)
INSERT [dbo].[db_employee_lpu] ([id], [lpu_id], [employee_id]) VALUES (31, 186663, 14)
INSERT [dbo].[db_employee_lpu] ([id], [lpu_id], [employee_id]) VALUES (32, 191753, 14)
INSERT [dbo].[db_employee_lpu] ([id], [lpu_id], [employee_id]) VALUES (33, 203494, 14)
INSERT [dbo].[db_employee_lpu] ([id], [lpu_id], [employee_id]) VALUES (34, 213110, 14)
INSERT [dbo].[db_employee_lpu] ([id], [lpu_id], [employee_id]) VALUES (35, 228257, 14)
INSERT [dbo].[db_employee_lpu] ([id], [lpu_id], [employee_id]) VALUES (36, 534478, 14)
INSERT [dbo].[db_employee_lpu] ([id], [lpu_id], [employee_id]) VALUES (37, 158794, 14)
INSERT [dbo].[db_employee_lpu] ([id], [lpu_id], [employee_id]) VALUES (38, 158521, 8)
INSERT [dbo].[db_employee_lpu] ([id], [lpu_id], [employee_id]) VALUES (39, 113145, 7)
INSERT [dbo].[db_employee_lpu] ([id], [lpu_id], [employee_id]) VALUES (40, 309543, 8)
INSERT [dbo].[db_employee_lpu] ([id], [lpu_id], [employee_id]) VALUES (41, 112955, 13)
INSERT [dbo].[db_employee_lpu] ([id], [lpu_id], [employee_id]) VALUES (42, 155522, 10)
INSERT [dbo].[db_employee_lpu] ([id], [lpu_id], [employee_id]) VALUES (43, 155256, 8)
INSERT [dbo].[db_employee_lpu] ([id], [lpu_id], [employee_id]) VALUES (44, 157914, 6)
INSERT [dbo].[db_employee_lpu] ([id], [lpu_id], [employee_id]) VALUES (45, 113144, 13)
INSERT [dbo].[db_employee_lpu] ([id], [lpu_id], [employee_id]) VALUES (46, 195248, 13)
INSERT [dbo].[db_employee_lpu] ([id], [lpu_id], [employee_id]) VALUES (47, 247758, 13)
INSERT [dbo].[db_employee_lpu] ([id], [lpu_id], [employee_id]) VALUES (48, 253582, 13)
INSERT [dbo].[db_employee_lpu] ([id], [lpu_id], [employee_id]) VALUES (49, 314477, 13)
INSERT [dbo].[db_employee_lpu] ([id], [lpu_id], [employee_id]) VALUES (50, 318132, 13)
INSERT [dbo].[db_employee_lpu] ([id], [lpu_id], [employee_id]) VALUES (51, 402537, 13)
INSERT [dbo].[db_employee_lpu] ([id], [lpu_id], [employee_id]) VALUES (52, 528075, 13)
INSERT [dbo].[db_employee_lpu] ([id], [lpu_id], [employee_id]) VALUES (53, 588760, 13)
INSERT [dbo].[db_employee_lpu] ([id], [lpu_id], [employee_id]) VALUES (54, 193702, 10)
INSERT [dbo].[db_employee_lpu] ([id], [lpu_id], [employee_id]) VALUES (55, 231197, 9)
INSERT [dbo].[db_employee_lpu] ([id], [lpu_id], [employee_id]) VALUES (56, 310896, 14)
INSERT [dbo].[db_employee_lpu] ([id], [lpu_id], [employee_id]) VALUES (57, 156789, 12)
INSERT [dbo].[db_employee_lpu] ([id], [lpu_id], [employee_id]) VALUES (58, 156530, 10)
INSERT [dbo].[db_employee_lpu] ([id], [lpu_id], [employee_id]) VALUES (59, 158639, 7)
INSERT [dbo].[db_employee_lpu] ([id], [lpu_id], [employee_id]) VALUES (60, 184402, 7)
INSERT [dbo].[db_employee_lpu] ([id], [lpu_id], [employee_id]) VALUES (61, 552365, 7)
INSERT [dbo].[db_employee_lpu] ([id], [lpu_id], [employee_id]) VALUES (62, 155391, 12)
INSERT [dbo].[db_employee_lpu] ([id], [lpu_id], [employee_id]) VALUES (63, 155897, 6)
INSERT [dbo].[db_employee_lpu] ([id], [lpu_id], [employee_id]) VALUES (64, 242958, 6)
INSERT [dbo].[db_employee_lpu] ([id], [lpu_id], [employee_id]) VALUES (65, 414838, 6)
INSERT [dbo].[db_employee_lpu] ([id], [lpu_id], [employee_id]) VALUES (66, 226758, 6)
INSERT [dbo].[db_employee_lpu] ([id], [lpu_id], [employee_id]) VALUES (67, 155471, 6)
INSERT [dbo].[db_employee_lpu] ([id], [lpu_id], [employee_id]) VALUES (68, 231355, 8)
INSERT [dbo].[db_employee_lpu] ([id], [lpu_id], [employee_id]) VALUES (69, 571401, 8)
INSERT [dbo].[db_employee_lpu] ([id], [lpu_id], [employee_id]) VALUES (70, 327279, 11)
INSERT [dbo].[db_employee_lpu] ([id], [lpu_id], [employee_id]) VALUES (71, 212509, 14)
INSERT [dbo].[db_employee_lpu] ([id], [lpu_id], [employee_id]) VALUES (72, 156063, 9)
INSERT [dbo].[db_employee_lpu] ([id], [lpu_id], [employee_id]) VALUES (73, 235410, 6)
INSERT [dbo].[db_employee_lpu] ([id], [lpu_id], [employee_id]) VALUES (74, 292395, 11)
INSERT [dbo].[db_employee_lpu] ([id], [lpu_id], [employee_id]) VALUES (75, 520228, 11)
INSERT [dbo].[db_employee_lpu] ([id], [lpu_id], [employee_id]) VALUES (76, 113361, 5)
INSERT [dbo].[db_employee_lpu] ([id], [lpu_id], [employee_id]) VALUES (77, 555645, 5)
INSERT [dbo].[db_employee_lpu] ([id], [lpu_id], [employee_id]) VALUES (78, 113362, 5)
INSERT [dbo].[db_employee_lpu] ([id], [lpu_id], [employee_id]) VALUES (79, 156821, 12)
INSERT [dbo].[db_employee_lpu] ([id], [lpu_id], [employee_id]) VALUES (81, 280139, 7)
INSERT [dbo].[db_employee_lpu] ([id], [lpu_id], [employee_id]) VALUES (82, 187846, 13)
INSERT [dbo].[db_employee_lpu] ([id], [lpu_id], [employee_id]) VALUES (83, 186024, 14)
INSERT [dbo].[db_employee_lpu] ([id], [lpu_id], [employee_id]) VALUES (84, 264552, 5)
INSERT [dbo].[db_employee_lpu] ([id], [lpu_id], [employee_id]) VALUES (85, 156362, 12)
INSERT [dbo].[db_employee_lpu] ([id], [lpu_id], [employee_id]) VALUES (86, 519819, 12)
INSERT [dbo].[db_employee_lpu] ([id], [lpu_id], [employee_id]) VALUES (87, 173976, 9)
INSERT [dbo].[db_employee_lpu] ([id], [lpu_id], [employee_id]) VALUES (88, 196869, 12)
INSERT [dbo].[db_employee_lpu] ([id], [lpu_id], [employee_id]) VALUES (89, 157095, 5)
INSERT [dbo].[db_employee_lpu] ([id], [lpu_id], [employee_id]) VALUES (90, 226559, 6)
INSERT [dbo].[db_employee_lpu] ([id], [lpu_id], [employee_id]) VALUES (91, 156666, 10)
INSERT [dbo].[db_employee_lpu] ([id], [lpu_id], [employee_id]) VALUES (92, 157476, 14)
INSERT [dbo].[db_employee_lpu] ([id], [lpu_id], [employee_id]) VALUES (93, 158151, 7)
INSERT [dbo].[db_employee_lpu] ([id], [lpu_id], [employee_id]) VALUES (94, 158560, 7)
INSERT [dbo].[db_employee_lpu] ([id], [lpu_id], [employee_id]) VALUES (95, 264508, 12)
INSERT [dbo].[db_employee_lpu] ([id], [lpu_id], [employee_id]) VALUES (97, 157162, 5)
INSERT [dbo].[db_employee_lpu] ([id], [lpu_id], [employee_id]) VALUES (98, 157340, 9)
INSERT [dbo].[db_employee_lpu] ([id], [lpu_id], [employee_id]) VALUES (99, 155932, 7)
INSERT [dbo].[db_employee_lpu] ([id], [lpu_id], [employee_id]) VALUES (100, 168472, 10)
INSERT [dbo].[db_employee_lpu] ([id], [lpu_id], [employee_id]) VALUES (101, 157369, 9)
INSERT [dbo].[db_employee_lpu] ([id], [lpu_id], [employee_id]) VALUES (102, 264531, 7)
INSERT [dbo].[db_employee_lpu] ([id], [lpu_id], [employee_id]) VALUES (103, 167590, 14)
INSERT [dbo].[db_employee_lpu] ([id], [lpu_id], [employee_id]) VALUES (104, 155168, 14)
INSERT [dbo].[db_employee_lpu] ([id], [lpu_id], [employee_id]) VALUES (105, 156550, 14)
INSERT [dbo].[db_employee_lpu] ([id], [lpu_id], [employee_id]) VALUES (106, 273455, 6)
GO
INSERT [dbo].[db_employee_lpu] ([id], [lpu_id], [employee_id]) VALUES (107, 155050, 5)
INSERT [dbo].[db_employee_lpu] ([id], [lpu_id], [employee_id]) VALUES (108, 264814, 14)
INSERT [dbo].[db_employee_lpu] ([id], [lpu_id], [employee_id]) VALUES (109, 173971, 5)
INSERT [dbo].[db_employee_lpu] ([id], [lpu_id], [employee_id]) VALUES (110, 264253, 14)
INSERT [dbo].[db_employee_lpu] ([id], [lpu_id], [employee_id]) VALUES (111, 221563, 12)
INSERT [dbo].[db_employee_lpu] ([id], [lpu_id], [employee_id]) VALUES (112, 196478, 14)
INSERT [dbo].[db_employee_lpu] ([id], [lpu_id], [employee_id]) VALUES (113, 156828, 10)
INSERT [dbo].[db_employee_lpu] ([id], [lpu_id], [employee_id]) VALUES (114, 226754, 14)
INSERT [dbo].[db_employee_lpu] ([id], [lpu_id], [employee_id]) VALUES (115, 112094, 10)
INSERT [dbo].[db_employee_lpu] ([id], [lpu_id], [employee_id]) VALUES (116, 190357, 14)
INSERT [dbo].[db_employee_lpu] ([id], [lpu_id], [employee_id]) VALUES (117, 283034, 10)
INSERT [dbo].[db_employee_lpu] ([id], [lpu_id], [employee_id]) VALUES (118, 227231, 13)
INSERT [dbo].[db_employee_lpu] ([id], [lpu_id], [employee_id]) VALUES (119, 227756, 10)
INSERT [dbo].[db_employee_lpu] ([id], [lpu_id], [employee_id]) VALUES (121, 157489, 14)
INSERT [dbo].[db_employee_lpu] ([id], [lpu_id], [employee_id]) VALUES (123, 155462, 9)
INSERT [dbo].[db_employee_lpu] ([id], [lpu_id], [employee_id]) VALUES (124, 226560, 12)
INSERT [dbo].[db_employee_lpu] ([id], [lpu_id], [employee_id]) VALUES (125, 155950, 8)
INSERT [dbo].[db_employee_lpu] ([id], [lpu_id], [employee_id]) VALUES (126, 158555, 13)
INSERT [dbo].[db_employee_lpu] ([id], [lpu_id], [employee_id]) VALUES (127, 264566, 8)
INSERT [dbo].[db_employee_lpu] ([id], [lpu_id], [employee_id]) VALUES (128, 272844, 14)
INSERT [dbo].[db_employee_lpu] ([id], [lpu_id], [employee_id]) VALUES (129, 173987, 10)
INSERT [dbo].[db_employee_lpu] ([id], [lpu_id], [employee_id]) VALUES (130, 174107, 10)
INSERT [dbo].[db_employee_lpu] ([id], [lpu_id], [employee_id]) VALUES (131, 277677, 14)
INSERT [dbo].[db_employee_lpu] ([id], [lpu_id], [employee_id]) VALUES (132, 157573, 14)
INSERT [dbo].[db_employee_lpu] ([id], [lpu_id], [employee_id]) VALUES (133, 556951, 14)
INSERT [dbo].[db_employee_lpu] ([id], [lpu_id], [employee_id]) VALUES (134, 158394, 14)
INSERT [dbo].[db_employee_lpu] ([id], [lpu_id], [employee_id]) VALUES (135, 158407, 13)
INSERT [dbo].[db_employee_lpu] ([id], [lpu_id], [employee_id]) VALUES (136, 470166, 14)
INSERT [dbo].[db_employee_lpu] ([id], [lpu_id], [employee_id]) VALUES (137, 537410, 10)
INSERT [dbo].[db_employee_lpu] ([id], [lpu_id], [employee_id]) VALUES (138, 365298, 7)
INSERT [dbo].[db_employee_lpu] ([id], [lpu_id], [employee_id]) VALUES (139, 468991, 11)
INSERT [dbo].[db_employee_lpu] ([id], [lpu_id], [employee_id]) VALUES (140, 165672, 8)
INSERT [dbo].[db_employee_lpu] ([id], [lpu_id], [employee_id]) VALUES (141, 245926, 8)
INSERT [dbo].[db_employee_lpu] ([id], [lpu_id], [employee_id]) VALUES (142, 248943, 8)
INSERT [dbo].[db_employee_lpu] ([id], [lpu_id], [employee_id]) VALUES (143, 256573, 8)
INSERT [dbo].[db_employee_lpu] ([id], [lpu_id], [employee_id]) VALUES (144, 311770, 8)
INSERT [dbo].[db_employee_lpu] ([id], [lpu_id], [employee_id]) VALUES (145, 313557, 8)
INSERT [dbo].[db_employee_lpu] ([id], [lpu_id], [employee_id]) VALUES (146, 46888, 12)
INSERT [dbo].[db_employee_lpu] ([id], [lpu_id], [employee_id]) VALUES (147, 158425, 12)
INSERT [dbo].[db_employee_lpu] ([id], [lpu_id], [employee_id]) VALUES (148, 172319, 12)
INSERT [dbo].[db_employee_lpu] ([id], [lpu_id], [employee_id]) VALUES (149, 173928, 12)
INSERT [dbo].[db_employee_lpu] ([id], [lpu_id], [employee_id]) VALUES (150, 206720, 12)
INSERT [dbo].[db_employee_lpu] ([id], [lpu_id], [employee_id]) VALUES (151, 222264, 12)
INSERT [dbo].[db_employee_lpu] ([id], [lpu_id], [employee_id]) VALUES (152, 248454, 12)
INSERT [dbo].[db_employee_lpu] ([id], [lpu_id], [employee_id]) VALUES (153, 276803, 12)
INSERT [dbo].[db_employee_lpu] ([id], [lpu_id], [employee_id]) VALUES (154, 112898, 14)
INSERT [dbo].[db_employee_lpu] ([id], [lpu_id], [employee_id]) VALUES (155, 578125, 14)
INSERT [dbo].[db_employee_lpu] ([id], [lpu_id], [employee_id]) VALUES (156, 269913, 10)
INSERT [dbo].[db_employee_lpu] ([id], [lpu_id], [employee_id]) VALUES (157, 184594, 10)
INSERT [dbo].[db_employee_lpu] ([id], [lpu_id], [employee_id]) VALUES (159, 112198, 9)
INSERT [dbo].[db_employee_lpu] ([id], [lpu_id], [employee_id]) VALUES (160, 194120, 14)
INSERT [dbo].[db_employee_lpu] ([id], [lpu_id], [employee_id]) VALUES (161, 243422, 9)
INSERT [dbo].[db_employee_lpu] ([id], [lpu_id], [employee_id]) VALUES (162, 555644, 9)
INSERT [dbo].[db_employee_lpu] ([id], [lpu_id], [employee_id]) VALUES (163, 112830, 12)
INSERT [dbo].[db_employee_lpu] ([id], [lpu_id], [employee_id]) VALUES (164, 231364, 5)
INSERT [dbo].[db_employee_lpu] ([id], [lpu_id], [employee_id]) VALUES (165, 569140, 5)
INSERT [dbo].[db_employee_lpu] ([id], [lpu_id], [employee_id]) VALUES (166, 232618, 12)
INSERT [dbo].[db_employee_lpu] ([id], [lpu_id], [employee_id]) VALUES (168, 279624, 10)
INSERT [dbo].[db_employee_lpu] ([id], [lpu_id], [employee_id]) VALUES (169, 578128, 10)
INSERT [dbo].[db_employee_lpu] ([id], [lpu_id], [employee_id]) VALUES (171, 297214, 8)
INSERT [dbo].[db_employee_lpu] ([id], [lpu_id], [employee_id]) VALUES (173, 114636, 9)
INSERT [dbo].[db_employee_lpu] ([id], [lpu_id], [employee_id]) VALUES (174, 114781, 14)
INSERT [dbo].[db_employee_lpu] ([id], [lpu_id], [employee_id]) VALUES (175, 114920, 5)
INSERT [dbo].[db_employee_lpu] ([id], [lpu_id], [employee_id]) VALUES (176, 249725, 8)
INSERT [dbo].[db_employee_lpu] ([id], [lpu_id], [employee_id]) VALUES (177, 229152, 11)
INSERT [dbo].[db_employee_lpu] ([id], [lpu_id], [employee_id]) VALUES (178, 155345, 14)
INSERT [dbo].[db_employee_lpu] ([id], [lpu_id], [employee_id]) VALUES (179, 203216, 14)
INSERT [dbo].[db_employee_lpu] ([id], [lpu_id], [employee_id]) VALUES (180, 171872, 5)
INSERT [dbo].[db_employee_lpu] ([id], [lpu_id], [employee_id]) VALUES (181, 113194, 14)
INSERT [dbo].[db_employee_lpu] ([id], [lpu_id], [employee_id]) VALUES (182, 202165, 14)
INSERT [dbo].[db_employee_lpu] ([id], [lpu_id], [employee_id]) VALUES (183, 246228, 14)
INSERT [dbo].[db_employee_lpu] ([id], [lpu_id], [employee_id]) VALUES (184, 112725, 14)
INSERT [dbo].[db_employee_lpu] ([id], [lpu_id], [employee_id]) VALUES (185, 113017, 8)
INSERT [dbo].[db_employee_lpu] ([id], [lpu_id], [employee_id]) VALUES (186, 286506, 10)
INSERT [dbo].[db_employee_lpu] ([id], [lpu_id], [employee_id]) VALUES (187, 172509, 9)
INSERT [dbo].[db_employee_lpu] ([id], [lpu_id], [employee_id]) VALUES (188, 578124, 9)
INSERT [dbo].[db_employee_lpu] ([id], [lpu_id], [employee_id]) VALUES (189, 114007, 14)
INSERT [dbo].[db_employee_lpu] ([id], [lpu_id], [employee_id]) VALUES (190, 200349, 5)
INSERT [dbo].[db_employee_lpu] ([id], [lpu_id], [employee_id]) VALUES (191, 578129, 5)
INSERT [dbo].[db_employee_lpu] ([id], [lpu_id], [employee_id]) VALUES (192, 114587, 8)
INSERT [dbo].[db_employee_lpu] ([id], [lpu_id], [employee_id]) VALUES (193, 231163, 14)
INSERT [dbo].[db_employee_lpu] ([id], [lpu_id], [employee_id]) VALUES (194, 113248, 14)
INSERT [dbo].[db_employee_lpu] ([id], [lpu_id], [employee_id]) VALUES (195, 114583, 14)
INSERT [dbo].[db_employee_lpu] ([id], [lpu_id], [employee_id]) VALUES (196, 218549, 8)
INSERT [dbo].[db_employee_lpu] ([id], [lpu_id], [employee_id]) VALUES (197, 115176, 10)
INSERT [dbo].[db_employee_lpu] ([id], [lpu_id], [employee_id]) VALUES (198, 276014, 8)
INSERT [dbo].[db_employee_lpu] ([id], [lpu_id], [employee_id]) VALUES (199, 115294, 8)
INSERT [dbo].[db_employee_lpu] ([id], [lpu_id], [employee_id]) VALUES (200, 114400, 12)
INSERT [dbo].[db_employee_lpu] ([id], [lpu_id], [employee_id]) VALUES (201, 187161, 14)
INSERT [dbo].[db_employee_lpu] ([id], [lpu_id], [employee_id]) VALUES (202, 316114, 11)
INSERT [dbo].[db_employee_lpu] ([id], [lpu_id], [employee_id]) VALUES (203, 469894, 14)
INSERT [dbo].[db_employee_lpu] ([id], [lpu_id], [employee_id]) VALUES (204, 264193, 14)
INSERT [dbo].[db_employee_lpu] ([id], [lpu_id], [employee_id]) VALUES (205, 114613, 13)
INSERT [dbo].[db_employee_lpu] ([id], [lpu_id], [employee_id]) VALUES (206, 233089, 14)
INSERT [dbo].[db_employee_lpu] ([id], [lpu_id], [employee_id]) VALUES (207, 222703, 8)
INSERT [dbo].[db_employee_lpu] ([id], [lpu_id], [employee_id]) VALUES (209, 158297, 6)
INSERT [dbo].[db_employee_lpu] ([id], [lpu_id], [employee_id]) VALUES (210, 230438, 6)
INSERT [dbo].[db_employee_lpu] ([id], [lpu_id], [employee_id]) VALUES (211, 286637, 6)
INSERT [dbo].[db_employee_lpu] ([id], [lpu_id], [employee_id]) VALUES (212, 158597, 14)
INSERT [dbo].[db_employee_lpu] ([id], [lpu_id], [employee_id]) VALUES (213, 251656, 14)
GO
INSERT [dbo].[db_employee_lpu] ([id], [lpu_id], [employee_id]) VALUES (214, 298935, 14)
INSERT [dbo].[db_employee_lpu] ([id], [lpu_id], [employee_id]) VALUES (215, 307452, 14)
INSERT [dbo].[db_employee_lpu] ([id], [lpu_id], [employee_id]) VALUES (216, 212721, 6)
INSERT [dbo].[db_employee_lpu] ([id], [lpu_id], [employee_id]) VALUES (217, 155351, 7)
INSERT [dbo].[db_employee_lpu] ([id], [lpu_id], [employee_id]) VALUES (218, 158552, 11)
INSERT [dbo].[db_employee_lpu] ([id], [lpu_id], [employee_id]) VALUES (219, 221853, 9)
INSERT [dbo].[db_employee_lpu] ([id], [lpu_id], [employee_id]) VALUES (220, 158553, 13)
INSERT [dbo].[db_employee_lpu] ([id], [lpu_id], [employee_id]) VALUES (221, 158033, 7)
INSERT [dbo].[db_employee_lpu] ([id], [lpu_id], [employee_id]) VALUES (222, 155786, 11)
INSERT [dbo].[db_employee_lpu] ([id], [lpu_id], [employee_id]) VALUES (223, 157356, 14)
INSERT [dbo].[db_employee_lpu] ([id], [lpu_id], [employee_id]) VALUES (224, 157913, 6)
INSERT [dbo].[db_employee_lpu] ([id], [lpu_id], [employee_id]) VALUES (225, 213160, 8)
INSERT [dbo].[db_employee_lpu] ([id], [lpu_id], [employee_id]) VALUES (226, 221631, 14)
INSERT [dbo].[db_employee_lpu] ([id], [lpu_id], [employee_id]) VALUES (227, 158032, 14)
INSERT [dbo].[db_employee_lpu] ([id], [lpu_id], [employee_id]) VALUES (228, 157866, 6)
INSERT [dbo].[db_employee_lpu] ([id], [lpu_id], [employee_id]) VALUES (229, 194298, 8)
INSERT [dbo].[db_employee_lpu] ([id], [lpu_id], [employee_id]) VALUES (230, 255991, 14)
INSERT [dbo].[db_employee_lpu] ([id], [lpu_id], [employee_id]) VALUES (231, 172262, 6)
INSERT [dbo].[db_employee_lpu] ([id], [lpu_id], [employee_id]) VALUES (232, 158541, 13)
INSERT [dbo].[db_employee_lpu] ([id], [lpu_id], [employee_id]) VALUES (233, 221686, 8)
INSERT [dbo].[db_employee_lpu] ([id], [lpu_id], [employee_id]) VALUES (234, 158215, 7)
INSERT [dbo].[db_employee_lpu] ([id], [lpu_id], [employee_id]) VALUES (235, 155284, 8)
INSERT [dbo].[db_employee_lpu] ([id], [lpu_id], [employee_id]) VALUES (236, 158967, 14)
INSERT [dbo].[db_employee_lpu] ([id], [lpu_id], [employee_id]) VALUES (237, 176323, 5)
INSERT [dbo].[db_employee_lpu] ([id], [lpu_id], [employee_id]) VALUES (238, 222190, 5)
INSERT [dbo].[db_employee_lpu] ([id], [lpu_id], [employee_id]) VALUES (239, 594134, 5)
INSERT [dbo].[db_employee_lpu] ([id], [lpu_id], [employee_id]) VALUES (240, 114778, 13)
INSERT [dbo].[db_employee_lpu] ([id], [lpu_id], [employee_id]) VALUES (241, 184420, 9)
INSERT [dbo].[db_employee_lpu] ([id], [lpu_id], [employee_id]) VALUES (242, 113124, 14)
INSERT [dbo].[db_employee_lpu] ([id], [lpu_id], [employee_id]) VALUES (243, 526128, 8)
INSERT [dbo].[db_employee_lpu] ([id], [lpu_id], [employee_id]) VALUES (244, 114608, 14)
INSERT [dbo].[db_employee_lpu] ([id], [lpu_id], [employee_id]) VALUES (245, 115182, 14)
INSERT [dbo].[db_employee_lpu] ([id], [lpu_id], [employee_id]) VALUES (246, 158184, 14)
INSERT [dbo].[db_employee_lpu] ([id], [lpu_id], [employee_id]) VALUES (247, 155237, 14)
INSERT [dbo].[db_employee_lpu] ([id], [lpu_id], [employee_id]) VALUES (248, 222625, 7)
INSERT [dbo].[db_employee_lpu] ([id], [lpu_id], [employee_id]) VALUES (249, 219134, 14)
INSERT [dbo].[db_employee_lpu] ([id], [lpu_id], [employee_id]) VALUES (250, 158556, 13)
INSERT [dbo].[db_employee_lpu] ([id], [lpu_id], [employee_id]) VALUES (251, 252064, 7)
INSERT [dbo].[db_employee_lpu] ([id], [lpu_id], [employee_id]) VALUES (252, 294418, 11)
INSERT [dbo].[db_employee_lpu] ([id], [lpu_id], [employee_id]) VALUES (255, 273158, 10)
INSERT [dbo].[db_employee_lpu] ([id], [lpu_id], [employee_id]) VALUES (256, 156538, 10)
INSERT [dbo].[db_employee_lpu] ([id], [lpu_id], [employee_id]) VALUES (257, 213646, 13)
INSERT [dbo].[db_employee_lpu] ([id], [lpu_id], [employee_id]) VALUES (258, 156018, 8)
INSERT [dbo].[db_employee_lpu] ([id], [lpu_id], [employee_id]) VALUES (259, 202535, 14)
INSERT [dbo].[db_employee_lpu] ([id], [lpu_id], [employee_id]) VALUES (260, 158030, 14)
INSERT [dbo].[db_employee_lpu] ([id], [lpu_id], [employee_id]) VALUES (261, 158226, 7)
INSERT [dbo].[db_employee_lpu] ([id], [lpu_id], [employee_id]) VALUES (478, 0, 6)
INSERT [dbo].[db_employee_lpu] ([id], [lpu_id], [employee_id]) VALUES (689, 474249, 9)
INSERT [dbo].[db_employee_lpu] ([id], [lpu_id], [employee_id]) VALUES (690, 474250, 9)
INSERT [dbo].[db_employee_lpu] ([id], [lpu_id], [employee_id]) VALUES (691, 114561, 12)
INSERT [dbo].[db_employee_lpu] ([id], [lpu_id], [employee_id]) VALUES (694, 118953, 18)
INSERT [dbo].[db_employee_lpu] ([id], [lpu_id], [employee_id]) VALUES (695, 118878, 18)
INSERT [dbo].[db_employee_lpu] ([id], [lpu_id], [employee_id]) VALUES (696, 7939, 16)
INSERT [dbo].[db_employee_lpu] ([id], [lpu_id], [employee_id]) VALUES (697, 5699, 16)
INSERT [dbo].[db_employee_lpu] ([id], [lpu_id], [employee_id]) VALUES (698, 4868, 16)
INSERT [dbo].[db_employee_lpu] ([id], [lpu_id], [employee_id]) VALUES (699, 30274, 15)
INSERT [dbo].[db_employee_lpu] ([id], [lpu_id], [employee_id]) VALUES (700, 30179, 15)
INSERT [dbo].[db_employee_lpu] ([id], [lpu_id], [employee_id]) VALUES (701, 30338, 15)
INSERT [dbo].[db_employee_lpu] ([id], [lpu_id], [employee_id]) VALUES (702, 29991, 15)
INSERT [dbo].[db_employee_lpu] ([id], [lpu_id], [employee_id]) VALUES (703, 30216, 15)
INSERT [dbo].[db_employee_lpu] ([id], [lpu_id], [employee_id]) VALUES (704, 30279, 15)
INSERT [dbo].[db_employee_lpu] ([id], [lpu_id], [employee_id]) VALUES (705, 30026, 15)
INSERT [dbo].[db_employee_lpu] ([id], [lpu_id], [employee_id]) VALUES (706, 30313, 15)
INSERT [dbo].[db_employee_lpu] ([id], [lpu_id], [employee_id]) VALUES (707, 30303, 15)
INSERT [dbo].[db_employee_lpu] ([id], [lpu_id], [employee_id]) VALUES (708, 29905, 15)
INSERT [dbo].[db_employee_lpu] ([id], [lpu_id], [employee_id]) VALUES (709, 29938, 15)
INSERT [dbo].[db_employee_lpu] ([id], [lpu_id], [employee_id]) VALUES (710, 30005, 15)
INSERT [dbo].[db_employee_lpu] ([id], [lpu_id], [employee_id]) VALUES (711, 30134, 15)
INSERT [dbo].[db_employee_lpu] ([id], [lpu_id], [employee_id]) VALUES (712, 30294, 15)
INSERT [dbo].[db_employee_lpu] ([id], [lpu_id], [employee_id]) VALUES (713, 29848, 15)
INSERT [dbo].[db_employee_lpu] ([id], [lpu_id], [employee_id]) VALUES (714, 30206, 15)
INSERT [dbo].[db_employee_lpu] ([id], [lpu_id], [employee_id]) VALUES (715, 30047, 15)
INSERT [dbo].[db_employee_lpu] ([id], [lpu_id], [employee_id]) VALUES (716, 31205, 16)
INSERT [dbo].[db_employee_lpu] ([id], [lpu_id], [employee_id]) VALUES (717, 31141, 16)
INSERT [dbo].[db_employee_lpu] ([id], [lpu_id], [employee_id]) VALUES (718, 31231, 16)
INSERT [dbo].[db_employee_lpu] ([id], [lpu_id], [employee_id]) VALUES (719, 31183, 16)
INSERT [dbo].[db_employee_lpu] ([id], [lpu_id], [employee_id]) VALUES (720, 31162, 16)
INSERT [dbo].[db_employee_lpu] ([id], [lpu_id], [employee_id]) VALUES (721, 31262, 16)
INSERT [dbo].[db_employee_lpu] ([id], [lpu_id], [employee_id]) VALUES (722, 31199, 16)
INSERT [dbo].[db_employee_lpu] ([id], [lpu_id], [employee_id]) VALUES (1502, 198341, 16)
INSERT [dbo].[db_employee_lpu] ([id], [lpu_id], [employee_id]) VALUES (1510, 320009, 16)
INSERT [dbo].[db_employee_lpu] ([id], [lpu_id], [employee_id]) VALUES (1511, 319591, 16)
INSERT [dbo].[db_employee_lpu] ([id], [lpu_id], [employee_id]) VALUES (1512, 111686, 16)
INSERT [dbo].[db_employee_lpu] ([id], [lpu_id], [employee_id]) VALUES (1513, 228023, 16)
INSERT [dbo].[db_employee_lpu] ([id], [lpu_id], [employee_id]) VALUES (1514, 239649, 16)
INSERT [dbo].[db_employee_lpu] ([id], [lpu_id], [employee_id]) VALUES (1515, 260546, 16)
INSERT [dbo].[db_employee_lpu] ([id], [lpu_id], [employee_id]) VALUES (1516, 191076, 16)
INSERT [dbo].[db_employee_lpu] ([id], [lpu_id], [employee_id]) VALUES (1517, 282862, 16)
INSERT [dbo].[db_employee_lpu] ([id], [lpu_id], [employee_id]) VALUES (1518, 112051, 16)
INSERT [dbo].[db_employee_lpu] ([id], [lpu_id], [employee_id]) VALUES (1519, 328724, 16)
INSERT [dbo].[db_employee_lpu] ([id], [lpu_id], [employee_id]) VALUES (1529, 198341, 18)
INSERT [dbo].[db_employee_lpu] ([id], [lpu_id], [employee_id]) VALUES (1530, 535042, 30)
INSERT [dbo].[db_employee_lpu] ([id], [lpu_id], [employee_id]) VALUES (1531, 168963, 30)
INSERT [dbo].[db_employee_lpu] ([id], [lpu_id], [employee_id]) VALUES (1532, 413700, 30)
INSERT [dbo].[db_employee_lpu] ([id], [lpu_id], [employee_id]) VALUES (1533, 30216, 30)
INSERT [dbo].[db_employee_lpu] ([id], [lpu_id], [employee_id]) VALUES (1534, 428552, 30)
INSERT [dbo].[db_employee_lpu] ([id], [lpu_id], [employee_id]) VALUES (1535, 535056, 30)
INSERT [dbo].[db_employee_lpu] ([id], [lpu_id], [employee_id]) VALUES (1536, 535057, 30)
INSERT [dbo].[db_employee_lpu] ([id], [lpu_id], [employee_id]) VALUES (1537, 498718, 30)
INSERT [dbo].[db_employee_lpu] ([id], [lpu_id], [employee_id]) VALUES (1538, 155168, 30)
GO
INSERT [dbo].[db_employee_lpu] ([id], [lpu_id], [employee_id]) VALUES (1539, 572451, 30)
INSERT [dbo].[db_employee_lpu] ([id], [lpu_id], [employee_id]) VALUES (1540, 144937, 30)
INSERT [dbo].[db_employee_lpu] ([id], [lpu_id], [employee_id]) VALUES (1541, 44074, 30)
INSERT [dbo].[db_employee_lpu] ([id], [lpu_id], [employee_id]) VALUES (1542, 558123, 30)
INSERT [dbo].[db_employee_lpu] ([id], [lpu_id], [employee_id]) VALUES (1543, 273455, 30)
INSERT [dbo].[db_employee_lpu] ([id], [lpu_id], [employee_id]) VALUES (1544, 303151, 30)
INSERT [dbo].[db_employee_lpu] ([id], [lpu_id], [employee_id]) VALUES (1545, 572464, 30)
INSERT [dbo].[db_employee_lpu] ([id], [lpu_id], [employee_id]) VALUES (1546, 572466, 30)
INSERT [dbo].[db_employee_lpu] ([id], [lpu_id], [employee_id]) VALUES (1547, 558141, 30)
INSERT [dbo].[db_employee_lpu] ([id], [lpu_id], [employee_id]) VALUES (1548, 569405, 30)
INSERT [dbo].[db_employee_lpu] ([id], [lpu_id], [employee_id]) VALUES (1549, 558157, 30)
INSERT [dbo].[db_employee_lpu] ([id], [lpu_id], [employee_id]) VALUES (1550, 535630, 30)
INSERT [dbo].[db_employee_lpu] ([id], [lpu_id], [employee_id]) VALUES (1551, 63568, 30)
INSERT [dbo].[db_employee_lpu] ([id], [lpu_id], [employee_id]) VALUES (1552, 515667, 30)
INSERT [dbo].[db_employee_lpu] ([id], [lpu_id], [employee_id]) VALUES (1553, 398420, 30)
INSERT [dbo].[db_employee_lpu] ([id], [lpu_id], [employee_id]) VALUES (1554, 202848, 30)
INSERT [dbo].[db_employee_lpu] ([id], [lpu_id], [employee_id]) VALUES (1555, 535649, 30)
INSERT [dbo].[db_employee_lpu] ([id], [lpu_id], [employee_id]) VALUES (1556, 511590, 30)
INSERT [dbo].[db_employee_lpu] ([id], [lpu_id], [employee_id]) VALUES (1557, 36969, 30)
INSERT [dbo].[db_employee_lpu] ([id], [lpu_id], [employee_id]) VALUES (1558, 586857, 30)
INSERT [dbo].[db_employee_lpu] ([id], [lpu_id], [employee_id]) VALUES (1559, 558188, 30)
INSERT [dbo].[db_employee_lpu] ([id], [lpu_id], [employee_id]) VALUES (1560, 535661, 30)
INSERT [dbo].[db_employee_lpu] ([id], [lpu_id], [employee_id]) VALUES (1561, 327279, 30)
INSERT [dbo].[db_employee_lpu] ([id], [lpu_id], [employee_id]) VALUES (1562, 156789, 30)
INSERT [dbo].[db_employee_lpu] ([id], [lpu_id], [employee_id]) VALUES (1563, 220277, 30)
INSERT [dbo].[db_employee_lpu] ([id], [lpu_id], [employee_id]) VALUES (1564, 558197, 30)
INSERT [dbo].[db_employee_lpu] ([id], [lpu_id], [employee_id]) VALUES (1565, 558202, 30)
INSERT [dbo].[db_employee_lpu] ([id], [lpu_id], [employee_id]) VALUES (1566, 558204, 30)
INSERT [dbo].[db_employee_lpu] ([id], [lpu_id], [employee_id]) VALUES (1567, 462975, 30)
INSERT [dbo].[db_employee_lpu] ([id], [lpu_id], [employee_id]) VALUES (1568, 30338, 30)
INSERT [dbo].[db_employee_lpu] ([id], [lpu_id], [employee_id]) VALUES (1569, 311430, 30)
INSERT [dbo].[db_employee_lpu] ([id], [lpu_id], [employee_id]) VALUES (1570, 558218, 30)
INSERT [dbo].[db_employee_lpu] ([id], [lpu_id], [employee_id]) VALUES (1571, 519819, 30)
INSERT [dbo].[db_employee_lpu] ([id], [lpu_id], [employee_id]) VALUES (1572, 471692, 30)
INSERT [dbo].[db_employee_lpu] ([id], [lpu_id], [employee_id]) VALUES (1573, 558223, 30)
INSERT [dbo].[db_employee_lpu] ([id], [lpu_id], [employee_id]) VALUES (1574, 558225, 30)
INSERT [dbo].[db_employee_lpu] ([id], [lpu_id], [employee_id]) VALUES (1575, 376468, 30)
INSERT [dbo].[db_employee_lpu] ([id], [lpu_id], [employee_id]) VALUES (1576, 470166, 30)
INSERT [dbo].[db_employee_lpu] ([id], [lpu_id], [employee_id]) VALUES (1577, 229528, 30)
INSERT [dbo].[db_employee_lpu] ([id], [lpu_id], [employee_id]) VALUES (1578, 471707, 30)
INSERT [dbo].[db_employee_lpu] ([id], [lpu_id], [employee_id]) VALUES (1579, 157340, 30)
INSERT [dbo].[db_employee_lpu] ([id], [lpu_id], [employee_id]) VALUES (1580, 535198, 30)
INSERT [dbo].[db_employee_lpu] ([id], [lpu_id], [employee_id]) VALUES (1581, 482978, 30)
INSERT [dbo].[db_employee_lpu] ([id], [lpu_id], [employee_id]) VALUES (1582, 402607, 30)
INSERT [dbo].[db_employee_lpu] ([id], [lpu_id], [employee_id]) VALUES (1583, 143536, 30)
INSERT [dbo].[db_employee_lpu] ([id], [lpu_id], [employee_id]) VALUES (1584, 205493, 30)
INSERT [dbo].[db_employee_lpu] ([id], [lpu_id], [employee_id]) VALUES (1585, 106166, 30)
INSERT [dbo].[db_employee_lpu] ([id], [lpu_id], [employee_id]) VALUES (1586, 410297, 30)
INSERT [dbo].[db_employee_lpu] ([id], [lpu_id], [employee_id]) VALUES (1587, 488121, 30)
INSERT [dbo].[db_employee_lpu] ([id], [lpu_id], [employee_id]) VALUES (1588, 527546, 30)
INSERT [dbo].[db_employee_lpu] ([id], [lpu_id], [employee_id]) VALUES (1589, 174780, 30)
INSERT [dbo].[db_employee_lpu] ([id], [lpu_id], [employee_id]) VALUES (1590, 535225, 30)
INSERT [dbo].[db_employee_lpu] ([id], [lpu_id], [employee_id]) VALUES (1591, 232638, 30)
INSERT [dbo].[db_employee_lpu] ([id], [lpu_id], [employee_id]) VALUES (1592, 473790, 30)
INSERT [dbo].[db_employee_lpu] ([id], [lpu_id], [employee_id]) VALUES (1593, 87746, 30)
INSERT [dbo].[db_employee_lpu] ([id], [lpu_id], [employee_id]) VALUES (1594, 534724, 30)
INSERT [dbo].[db_employee_lpu] ([id], [lpu_id], [employee_id]) VALUES (1595, 198341, 30)
INSERT [dbo].[db_employee_lpu] ([id], [lpu_id], [employee_id]) VALUES (1596, 392903, 30)
INSERT [dbo].[db_employee_lpu] ([id], [lpu_id], [employee_id]) VALUES (1597, 410312, 30)
INSERT [dbo].[db_employee_lpu] ([id], [lpu_id], [employee_id]) VALUES (1598, 471752, 30)
INSERT [dbo].[db_employee_lpu] ([id], [lpu_id], [employee_id]) VALUES (1599, 126666, 30)
INSERT [dbo].[db_employee_lpu] ([id], [lpu_id], [employee_id]) VALUES (1600, 126667, 30)
INSERT [dbo].[db_employee_lpu] ([id], [lpu_id], [employee_id]) VALUES (1601, 309963, 30)
INSERT [dbo].[db_employee_lpu] ([id], [lpu_id], [employee_id]) VALUES (1602, 489162, 30)
INSERT [dbo].[db_employee_lpu] ([id], [lpu_id], [employee_id]) VALUES (1603, 163022, 30)
INSERT [dbo].[db_employee_lpu] ([id], [lpu_id], [employee_id]) VALUES (1604, 30415, 30)
INSERT [dbo].[db_employee_lpu] ([id], [lpu_id], [employee_id]) VALUES (1605, 82645, 30)
INSERT [dbo].[db_employee_lpu] ([id], [lpu_id], [employee_id]) VALUES (1606, 195800, 30)
INSERT [dbo].[db_employee_lpu] ([id], [lpu_id], [employee_id]) VALUES (1607, 509658, 30)
INSERT [dbo].[db_employee_lpu] ([id], [lpu_id], [employee_id]) VALUES (1608, 503004, 30)
INSERT [dbo].[db_employee_lpu] ([id], [lpu_id], [employee_id]) VALUES (1609, 535260, 30)
INSERT [dbo].[db_employee_lpu] ([id], [lpu_id], [employee_id]) VALUES (1610, 535263, 30)
INSERT [dbo].[db_employee_lpu] ([id], [lpu_id], [employee_id]) VALUES (1611, 187616, 30)
INSERT [dbo].[db_employee_lpu] ([id], [lpu_id], [employee_id]) VALUES (1612, 535265, 30)
INSERT [dbo].[db_employee_lpu] ([id], [lpu_id], [employee_id]) VALUES (1613, 535266, 30)
INSERT [dbo].[db_employee_lpu] ([id], [lpu_id], [employee_id]) VALUES (1614, 474339, 30)
INSERT [dbo].[db_employee_lpu] ([id], [lpu_id], [employee_id]) VALUES (1615, 163049, 30)
INSERT [dbo].[db_employee_lpu] ([id], [lpu_id], [employee_id]) VALUES (1616, 484076, 30)
INSERT [dbo].[db_employee_lpu] ([id], [lpu_id], [employee_id]) VALUES (1617, 479984, 30)
INSERT [dbo].[db_employee_lpu] ([id], [lpu_id], [employee_id]) VALUES (1618, 564977, 30)
INSERT [dbo].[db_employee_lpu] ([id], [lpu_id], [employee_id]) VALUES (1619, 535282, 30)
INSERT [dbo].[db_employee_lpu] ([id], [lpu_id], [employee_id]) VALUES (1620, 591088, 30)
INSERT [dbo].[db_employee_lpu] ([id], [lpu_id], [employee_id]) VALUES (1621, 188662, 30)
INSERT [dbo].[db_employee_lpu] ([id], [lpu_id], [employee_id]) VALUES (1622, 578296, 30)
INSERT [dbo].[db_employee_lpu] ([id], [lpu_id], [employee_id]) VALUES (1623, 567546, 30)
INSERT [dbo].[db_employee_lpu] ([id], [lpu_id], [employee_id]) VALUES (1624, 119547, 30)
INSERT [dbo].[db_employee_lpu] ([id], [lpu_id], [employee_id]) VALUES (1625, 38141, 30)
INSERT [dbo].[db_employee_lpu] ([id], [lpu_id], [employee_id]) VALUES (1626, 534782, 30)
INSERT [dbo].[db_employee_lpu] ([id], [lpu_id], [employee_id]) VALUES (1627, 535293, 30)
INSERT [dbo].[db_employee_lpu] ([id], [lpu_id], [employee_id]) VALUES (1628, 584446, 30)
INSERT [dbo].[db_employee_lpu] ([id], [lpu_id], [employee_id]) VALUES (1629, 535298, 30)
INSERT [dbo].[db_employee_lpu] ([id], [lpu_id], [employee_id]) VALUES (1630, 534792, 30)
INSERT [dbo].[db_employee_lpu] ([id], [lpu_id], [employee_id]) VALUES (1631, 534793, 30)
INSERT [dbo].[db_employee_lpu] ([id], [lpu_id], [employee_id]) VALUES (1632, 534794, 30)
INSERT [dbo].[db_employee_lpu] ([id], [lpu_id], [employee_id]) VALUES (1633, 535304, 30)
INSERT [dbo].[db_employee_lpu] ([id], [lpu_id], [employee_id]) VALUES (1634, 549640, 30)
INSERT [dbo].[db_employee_lpu] ([id], [lpu_id], [employee_id]) VALUES (1635, 44301, 30)
INSERT [dbo].[db_employee_lpu] ([id], [lpu_id], [employee_id]) VALUES (1636, 578314, 30)
INSERT [dbo].[db_employee_lpu] ([id], [lpu_id], [employee_id]) VALUES (1637, 552217, 30)
INSERT [dbo].[db_employee_lpu] ([id], [lpu_id], [employee_id]) VALUES (1638, 155932, 30)
GO
INSERT [dbo].[db_employee_lpu] ([id], [lpu_id], [employee_id]) VALUES (1639, 48927, 30)
INSERT [dbo].[db_employee_lpu] ([id], [lpu_id], [employee_id]) VALUES (1640, 466207, 30)
INSERT [dbo].[db_employee_lpu] ([id], [lpu_id], [employee_id]) VALUES (1641, 499493, 30)
INSERT [dbo].[db_employee_lpu] ([id], [lpu_id], [employee_id]) VALUES (1642, 31526, 30)
INSERT [dbo].[db_employee_lpu] ([id], [lpu_id], [employee_id]) VALUES (1643, 286505, 30)
INSERT [dbo].[db_employee_lpu] ([id], [lpu_id], [employee_id]) VALUES (1644, 534831, 30)
INSERT [dbo].[db_employee_lpu] ([id], [lpu_id], [employee_id]) VALUES (1645, 529713, 30)
INSERT [dbo].[db_employee_lpu] ([id], [lpu_id], [employee_id]) VALUES (1646, 30005, 30)
INSERT [dbo].[db_employee_lpu] ([id], [lpu_id], [employee_id]) VALUES (1647, 420149, 30)
INSERT [dbo].[db_employee_lpu] ([id], [lpu_id], [employee_id]) VALUES (1648, 436535, 30)
INSERT [dbo].[db_employee_lpu] ([id], [lpu_id], [employee_id]) VALUES (1649, 417597, 30)
INSERT [dbo].[db_employee_lpu] ([id], [lpu_id], [employee_id]) VALUES (1650, 537411, 30)
INSERT [dbo].[db_employee_lpu] ([id], [lpu_id], [employee_id]) VALUES (1651, 578371, 30)
INSERT [dbo].[db_employee_lpu] ([id], [lpu_id], [employee_id]) VALUES (1652, 534853, 30)
INSERT [dbo].[db_employee_lpu] ([id], [lpu_id], [employee_id]) VALUES (1653, 578374, 30)
INSERT [dbo].[db_employee_lpu] ([id], [lpu_id], [employee_id]) VALUES (1654, 30539, 30)
INSERT [dbo].[db_employee_lpu] ([id], [lpu_id], [employee_id]) VALUES (1655, 468816, 30)
INSERT [dbo].[db_employee_lpu] ([id], [lpu_id], [employee_id]) VALUES (1656, 279390, 30)
INSERT [dbo].[db_employee_lpu] ([id], [lpu_id], [employee_id]) VALUES (1657, 31590, 30)
INSERT [dbo].[db_employee_lpu] ([id], [lpu_id], [employee_id]) VALUES (1658, 186733, 30)
INSERT [dbo].[db_employee_lpu] ([id], [lpu_id], [employee_id]) VALUES (1659, 144754, 30)
INSERT [dbo].[db_employee_lpu] ([id], [lpu_id], [employee_id]) VALUES (1660, 156530, 30)
INSERT [dbo].[db_employee_lpu] ([id], [lpu_id], [employee_id]) VALUES (1661, 221042, 30)
INSERT [dbo].[db_employee_lpu] ([id], [lpu_id], [employee_id]) VALUES (1662, 277364, 30)
INSERT [dbo].[db_employee_lpu] ([id], [lpu_id], [employee_id]) VALUES (1663, 264566, 30)
INSERT [dbo].[db_employee_lpu] ([id], [lpu_id], [employee_id]) VALUES (1664, 163191, 30)
INSERT [dbo].[db_employee_lpu] ([id], [lpu_id], [employee_id]) VALUES (1665, 457589, 30)
INSERT [dbo].[db_employee_lpu] ([id], [lpu_id], [employee_id]) VALUES (1666, 469366, 30)
INSERT [dbo].[db_employee_lpu] ([id], [lpu_id], [employee_id]) VALUES (1667, 497012, 30)
INSERT [dbo].[db_employee_lpu] ([id], [lpu_id], [employee_id]) VALUES (1668, 535410, 30)
INSERT [dbo].[db_employee_lpu] ([id], [lpu_id], [employee_id]) VALUES (1669, 484222, 30)
INSERT [dbo].[db_employee_lpu] ([id], [lpu_id], [employee_id]) VALUES (1670, 148352, 30)
INSERT [dbo].[db_employee_lpu] ([id], [lpu_id], [employee_id]) VALUES (1671, 535426, 30)
INSERT [dbo].[db_employee_lpu] ([id], [lpu_id], [employee_id]) VALUES (1672, 510854, 30)
INSERT [dbo].[db_employee_lpu] ([id], [lpu_id], [employee_id]) VALUES (1673, 531846, 30)
INSERT [dbo].[db_employee_lpu] ([id], [lpu_id], [employee_id]) VALUES (1674, 534918, 30)
INSERT [dbo].[db_employee_lpu] ([id], [lpu_id], [employee_id]) VALUES (1675, 534927, 30)
INSERT [dbo].[db_employee_lpu] ([id], [lpu_id], [employee_id]) VALUES (1676, 106385, 30)
INSERT [dbo].[db_employee_lpu] ([id], [lpu_id], [employee_id]) VALUES (1677, 304018, 30)
INSERT [dbo].[db_employee_lpu] ([id], [lpu_id], [employee_id]) VALUES (1678, 415122, 30)
INSERT [dbo].[db_employee_lpu] ([id], [lpu_id], [employee_id]) VALUES (1679, 419732, 30)
INSERT [dbo].[db_employee_lpu] ([id], [lpu_id], [employee_id]) VALUES (1680, 534933, 30)
INSERT [dbo].[db_employee_lpu] ([id], [lpu_id], [employee_id]) VALUES (1681, 556951, 30)
INSERT [dbo].[db_employee_lpu] ([id], [lpu_id], [employee_id]) VALUES (1682, 173976, 30)
INSERT [dbo].[db_employee_lpu] ([id], [lpu_id], [employee_id]) VALUES (1683, 534938, 30)
INSERT [dbo].[db_employee_lpu] ([id], [lpu_id], [employee_id]) VALUES (1684, 541082, 30)
INSERT [dbo].[db_employee_lpu] ([id], [lpu_id], [employee_id]) VALUES (1685, 535453, 30)
INSERT [dbo].[db_employee_lpu] ([id], [lpu_id], [employee_id]) VALUES (1686, 156063, 30)
INSERT [dbo].[db_employee_lpu] ([id], [lpu_id], [employee_id]) VALUES (1687, 173987, 30)
INSERT [dbo].[db_employee_lpu] ([id], [lpu_id], [employee_id]) VALUES (1688, 98724, 30)
INSERT [dbo].[db_employee_lpu] ([id], [lpu_id], [employee_id]) VALUES (1689, 219045, 30)
INSERT [dbo].[db_employee_lpu] ([id], [lpu_id], [employee_id]) VALUES (1690, 90535, 30)
INSERT [dbo].[db_employee_lpu] ([id], [lpu_id], [employee_id]) VALUES (1691, 535464, 30)
INSERT [dbo].[db_employee_lpu] ([id], [lpu_id], [employee_id]) VALUES (1692, 486313, 30)
INSERT [dbo].[db_employee_lpu] ([id], [lpu_id], [employee_id]) VALUES (1693, 155050, 30)
INSERT [dbo].[db_employee_lpu] ([id], [lpu_id], [employee_id]) VALUES (1694, 113145, 30)
INSERT [dbo].[db_employee_lpu] ([id], [lpu_id], [employee_id]) VALUES (1695, 41390, 30)
INSERT [dbo].[db_employee_lpu] ([id], [lpu_id], [employee_id]) VALUES (1696, 185262, 30)
INSERT [dbo].[db_employee_lpu] ([id], [lpu_id], [employee_id]) VALUES (1697, 535476, 30)
INSERT [dbo].[db_employee_lpu] ([id], [lpu_id], [employee_id]) VALUES (1698, 535487, 30)
INSERT [dbo].[db_employee_lpu] ([id], [lpu_id], [employee_id]) VALUES (1699, 465858, 30)
INSERT [dbo].[db_employee_lpu] ([id], [lpu_id], [employee_id]) VALUES (1700, 226758, 30)
INSERT [dbo].[db_employee_lpu] ([id], [lpu_id], [employee_id]) VALUES (1701, 486346, 30)
INSERT [dbo].[db_employee_lpu] ([id], [lpu_id], [employee_id]) VALUES (1702, 535498, 30)
INSERT [dbo].[db_employee_lpu] ([id], [lpu_id], [employee_id]) VALUES (1703, 535500, 30)
INSERT [dbo].[db_employee_lpu] ([id], [lpu_id], [employee_id]) VALUES (1704, 535503, 30)
INSERT [dbo].[db_employee_lpu] ([id], [lpu_id], [employee_id]) VALUES (1705, 48080, 30)
INSERT [dbo].[db_employee_lpu] ([id], [lpu_id], [employee_id]) VALUES (1706, 230352, 30)
INSERT [dbo].[db_employee_lpu] ([id], [lpu_id], [employee_id]) VALUES (1707, 478164, 30)
INSERT [dbo].[db_employee_lpu] ([id], [lpu_id], [employee_id]) VALUES (1708, 146901, 30)
INSERT [dbo].[db_employee_lpu] ([id], [lpu_id], [employee_id]) VALUES (1709, 109533, 30)
INSERT [dbo].[db_employee_lpu] ([id], [lpu_id], [employee_id]) VALUES (1710, 443358, 30)
INSERT [dbo].[db_employee_lpu] ([id], [lpu_id], [employee_id]) VALUES (1711, 535517, 30)
INSERT [dbo].[db_employee_lpu] ([id], [lpu_id], [employee_id]) VALUES (1712, 535519, 30)
INSERT [dbo].[db_employee_lpu] ([id], [lpu_id], [employee_id]) VALUES (1713, 30179, 30)
INSERT [dbo].[db_employee_lpu] ([id], [lpu_id], [employee_id]) VALUES (1714, 403429, 30)
INSERT [dbo].[db_employee_lpu] ([id], [lpu_id], [employee_id]) VALUES (1715, 469992, 30)
INSERT [dbo].[db_employee_lpu] ([id], [lpu_id], [employee_id]) VALUES (1716, 413673, 30)
INSERT [dbo].[db_employee_lpu] ([id], [lpu_id], [employee_id]) VALUES (1717, 484341, 30)
INSERT [dbo].[db_employee_lpu] ([id], [lpu_id], [employee_id]) VALUES (1718, 397817, 30)
INSERT [dbo].[db_employee_lpu] ([id], [lpu_id], [employee_id]) VALUES (1719, 572413, 30)
INSERT [dbo].[db_employee_lpu] ([id], [lpu_id], [employee_id]) VALUES (1720, 468991, 30)
SET IDENTITY_INSERT [dbo].[db_employee_lpu] OFF












